{"X":[1,1.2,1.3999999999999999,1.6000000000000001,1.8,2],"Y":[0.66632153868661925,0.74824550733685902,0.80077794244842049,0.84894358816151949,0.81896484183420126,0.99053196352780082],"ApproxValues":[0.66634537163213781,0.73668911120028313,0.79616389556862699,0.8476832971803987,0.89312663000100201,0.93377707641297214]}