{"X":[1,1.2,1.3999999999999999,1.6000000000000001,1.8,2],"Y":[0.65556242725334679,0.75012087083442081,0.80699732518986922,0.92855327107237617,0.95850131552266049,1.0362055153965417],"ApproxValues":[0.64860002106300874,0.74855463611282325,0.83306505897638949,0.90627131709283171,0.97084381304698408,1.0286058789771779]}